{"schemaVersion":"1.0","appDefinitionTemplate":{"id":"/providers/Microsoft.PowerApps/apps/","type":"Microsoft.PowerApps/apps","tags":{"primaryDeviceWidth":"1366","primaryDeviceHeight":"768","sienaVersion":"20230829T081517Z-3.23082.20.0","deviceCapabilities":"","supportsPortrait":"false","supportsLandscape":"true","primaryFormFactor":"Tablet","publisherVersion":"3.23082.20","minimumRequiredApiVersion":"2.2.0","hasComponent":"true","hasUnlockedComponent":"false","isUnifiedRootApp":"false","showStatusBar":"false"},"properties":{"appVersion":"2023-08-29T08:15:17Z","lifeCycleId":"Published","createdByClientVersion":{"major":3,"minor":23082,"build":20,"revision":0,"majorRevision":0,"minorRevision":0},"minClientVersion":{"major":3,"minor":23082,"build":20,"revision":0,"majorRevision":0,"minorRevision":0},"backgroundColor":"rgba(105, 180, 69, 1)","backgroundImageUri":"/16147817466253732156/N95042e25-c97f-47c7-b7f3-d61c550a9f05-logoSmallFile","displayName":"Northwind","description":"","commitMessage":"","appUris":{"documentUri":{"value":"/16147817466253732156/Nf454879a-1ab4-4382-82f6-fd469561b3ab-document.msapp"},"imageUris":[],"additionalUris":[]},"createdTime":"0001-01-01T00:00:00Z","lastModifiedTime":"0001-01-01T00:00:00Z","sharedGroupsCount":0,"sharedUsersCount":0,"connectionReferences":{"68956633-c33b-48b4-8a9e-b81dedd59ce7":{"id":"cb627b8c-71bc-435f-9ccd-3a8ead493262","displayName":"SQL Server","iconUri":"https://connectoricons-prod.azureedge.net/releases/v1.0.1651/1.0.1651.3382/sql/icon.png","dataSources":["[dbo].[Customers]","[dbo].[Orders]","[dbo].[Employees]","[dbo].[Order Details]","[dbo].[Products]"],"dependencies":[],"dependents":[],"parameterHints":{},"parameterHintsV2":{},"gatewayObjectIdHint":"6ef79e83-92fb-437a-9765-2a838ab3e4ee","isOnPremiseConnection":true,"sharedConnectionId":"12ccadba-0835-4bf5-b526-13145fc6301c","bypassConsent":false,"dataSets":{"DESKTOP-UC3TPHB%5cSQLEXPRESS,Northwind":{"dataSources":{"[dbo].[Customers]":{"tableName":"[dbo].[Customers]"},"[dbo].[Orders]":{"tableName":"[dbo].[Orders]"},"[dbo].[Employees]":{"tableName":"[dbo].[Employees]"},"[dbo].[Order Details]":{"tableName":"[dbo].[Order Details]"},"[dbo].[Products]":{"tableName":"[dbo].[Products]"}}}},"apiTier":"Premium","isCustomApiConnection":false,"authenticationType":"sqlAuthentication","actions":["providers/PowerPlatform.Governance/Operations/Read"],"endpoints":["DESKTOP-UC3TPHB%5cSQLEXPRESS,Northwind"]}},"databaseReferences":{},"almMode":"Environment","performanceOptimizationEnabled":true,"canConsumeAppPass":true,"enableModernRuntimeMode":false,"executionRestrictions":{"isTeamsOnly":false,"dataLossPreventionEvaluationResult":{"status":"Compliant","lastEvaluationDate":"2021-02-20T09:12:29.6658203Z","violationDetails":[]}}},"appType":"ClassicCanvasApp","appComponents":[]}}