{"schemaVersion":"1.0","appDefinitionTemplate":{"id":"/providers/Microsoft.PowerApps/apps/","type":"Microsoft.PowerApps/apps","tags":{"primaryDeviceWidth":"1366","primaryDeviceHeight":"768","supportsPortrait":"true","supportsLandscape":"true","primaryFormFactor":"Tablet","publisherVersion":"3.22074.11","minimumRequiredApiVersion":"2.2.0","hasComponent":"true","hasUnlockedComponent":"false","isUnifiedRootApp":"false","sienaVersion":"20220809T094357Z-3.22074.11.0"},"properties":{"appVersion":"2022-08-09T09:43:57Z","lifeCycleId":"Published","createdByClientVersion":{"major":3,"minor":22074,"build":11,"revision":0,"majorRevision":0,"minorRevision":0},"minClientVersion":{"major":3,"minor":22074,"build":11,"revision":0,"majorRevision":0,"minorRevision":0},"backgroundColor":"RGBA(0,176,240,1)","backgroundImageUri":"/17599078751278295103/N1c91644c-d66f-4ac1-b5e9-986ab2434101-logoSmallFile","displayName":"Aprobaciones","description":"","commitMessage":"","appUris":{"documentUri":{"value":"/17599078751278295103/Nc4fa113d-a2dd-428b-9cbc-2cafb70c0b13-document.msapp"},"imageUris":[],"additionalUris":[]},"createdTime":"0001-01-01T00:00:00Z","lastModifiedTime":"0001-01-01T00:00:00Z","sharedGroupsCount":0,"sharedUsersCount":0,"icons":{"smallIconUri":"/17599078751278295103/N882825b4-17ef-458a-b1e2-ec2529ae7005-small.png","mediumIconUri":"/17599078751278295103/Nb4490d78-5849-4223-85cc-b2f84dcec742-medium.png","largeIconUri":"/17599078751278295103/N0a31f360-b039-43a7-8a48-1b322ade0a69-large.png","wideIconUri":"/17599078751278295103/N12c44a8e-7360-4f17-9c5f-2cd17a8819ec-wide.png"},"connectionReferences":{"2ce494d4-619a-4fe8-a808-38d21f239ee3":{"id":"ca4d2cc2-f517-44e1-8fc2-22eb3fa15e8a","displayName":"SharePoint","iconUri":"https://connectoricons-prod.azureedge.net/releases/v1.0.1591/1.0.1591.2961/sharepointonline/icon.png","dataSources":["Solicitudes"],"dependencies":[],"dependents":[],"parameterHints":{},"parameterHintsV2":{},"isOnPremiseConnection":false,"bypassConsent":false,"dataSets":{"https://agcegd.sharepoint.com/sites/CursoSharePoint":{"dataSources":{"Solicitudes":{"tableName":"91999fd2-41e8-48f6-937d-bca1200263b0"}}}},"apiTier":"Standard","isCustomApiConnection":false,"actions":["providers/PowerPlatform.Governance/Operations/Read","providers/PowerPlatform.Governance/Operations/Write"]}},"databaseReferences":{},"almMode":"Environment","performanceOptimizationEnabled":true,"canConsumeAppPass":true,"executionRestrictions":{"isTeamsOnly":false,"dataLossPreventionEvaluationResult":{"status":"Compliant","lastEvaluationDate":"2022-07-06T09:09:28.5741869Z","violations":[],"violationsByPolicy":[],"violationErrorMessage":"La aplicación usa los siguientes conectores: shared_sharepointonline."}}},"appType":"ClassicCanvasApp","appComponents":[]}}