{"schemaVersion":"1.0","appDefinitionTemplate":{"id":"/providers/Microsoft.PowerApps/apps/","type":"Microsoft.PowerApps/apps","tags":{"primaryDeviceWidth":"1366","primaryDeviceHeight":"768","supportsPortrait":"true","supportsLandscape":"true","primaryFormFactor":"Tablet","publisherVersion":"3.22074.11","minimumRequiredApiVersion":"2.2.0","hasComponent":"true","hasUnlockedComponent":"false","isUnifiedRootApp":"false","sienaVersion":"20220810T102228Z-3.22074.11.0"},"properties":{"appVersion":"2022-08-10T10:22:28Z","lifeCycleId":"Published","createdByClientVersion":{"major":3,"minor":22074,"build":11,"revision":0,"majorRevision":0,"minorRevision":0},"minClientVersion":{"major":3,"minor":22074,"build":11,"revision":0,"majorRevision":0,"minorRevision":0},"backgroundColor":"RGBA(0,176,240,1)","backgroundImageUri":"/11834771243757506145/Nab33de5a-6feb-4fda-96a0-38d411d42095-logoSmallFile","displayName":"Filtros","description":"","commitMessage":"","appUris":{"documentUri":{"value":"/11834771243757506145/N189d7f92-f3f5-481b-a100-120e6ee13ab9-document.msapp"},"imageUris":[],"additionalUris":[]},"createdTime":"0001-01-01T00:00:00Z","lastModifiedTime":"0001-01-01T00:00:00Z","sharedGroupsCount":0,"sharedUsersCount":0,"icons":{"smallIconUri":"/11834771243757506145/N9c3acef3-8194-4133-91c5-5e9d19083ea5-small.png","mediumIconUri":"/11834771243757506145/N2c284382-060a-4265-ac56-f5c3e4d7aae0-medium.png","largeIconUri":"/11834771243757506145/Nbd0cae50-f6e9-4820-8bf8-7bfc4ef557dc-large.png","wideIconUri":"/11834771243757506145/Nf7807b9b-d8da-4f9f-807f-05fadaac0ce5-wide.png"},"connectionReferences":{"8130499b-0d85-4783-98d5-d3924639d1f1":{"id":"ca4d2cc2-f517-44e1-8fc2-22eb3fa15e8a","displayName":"SharePoint","iconUri":"https://connectoricons-prod.azureedge.net/releases/v1.0.1591/1.0.1591.2961/sharepointonline/icon.png","dataSources":["Inmuebles"],"dependencies":[],"dependents":[],"parameterHints":{},"parameterHintsV2":{},"isOnPremiseConnection":false,"bypassConsent":false,"dataSets":{"https://agcegd.sharepoint.com/sites/CursoSharePoint":{"dataSources":{"Inmuebles":{"tableName":"c1db4251-da3c-4663-beb7-ea64d91c6b6b"}}}},"apiTier":"Standard","isCustomApiConnection":false,"actions":["providers/PowerPlatform.Governance/Operations/Read"]}},"databaseReferences":{},"almMode":"Environment","performanceOptimizationEnabled":true,"canConsumeAppPass":true,"executionRestrictions":{"isTeamsOnly":false,"dataLossPreventionEvaluationResult":{"status":"Compliant","lastEvaluationDate":"2022-04-30T15:56:07.8255825Z","violations":[],"violationsByPolicy":[],"violationErrorMessage":"La aplicación usa los siguientes conectores: shared_sharepointonline."}}},"appType":"ClassicCanvasApp","appComponents":[]}}