{"schemaVersion":"1.0","appDefinitionTemplate":{"id":"/providers/Microsoft.PowerApps/apps/","type":"Microsoft.PowerApps/apps","tags":{"primaryDeviceWidth":"1366","primaryDeviceHeight":"768","sienaVersion":"20230828T082419Z-3.23082.20.0","deviceCapabilities":"","supportsPortrait":"true","supportsLandscape":"true","primaryFormFactor":"Tablet","publisherVersion":"3.23082.20","minimumRequiredApiVersion":"2.2.0","hasComponent":"true","hasUnlockedComponent":"false","isUnifiedRootApp":"false","showStatusBar":"false"},"properties":{"appVersion":"2023-08-28T08:24:19Z","lifeCycleId":"Published","createdByClientVersion":{"major":3,"minor":23082,"build":20,"revision":0,"majorRevision":0,"minorRevision":0},"minClientVersion":{"major":3,"minor":23082,"build":20,"revision":0,"majorRevision":0,"minorRevision":0},"backgroundColor":"RGBA(0,176,240,1)","backgroundImageUri":"/3431699080788246646/N4baefd24-d716-469e-b113-6f647d30f96a-logoSmallFile","displayName":"image_form","description":"","commitMessage":"","appUris":{"documentUri":{"value":"/3431699080788246646/N3c0f1f4c-8f03-4cf1-8d73-59739bc8c4f3-document.msapp"},"imageUris":[],"additionalUris":[]},"createdTime":"0001-01-01T00:00:00Z","lastModifiedTime":"0001-01-01T00:00:00Z","sharedGroupsCount":0,"sharedUsersCount":0,"connectionReferences":{"22bc4dbb-3c17-4bbf-9e8a-3975e3f5e4eb":{"id":"ca4d2cc2-f517-44e1-8fc2-22eb3fa15e8a","displayName":"SharePoint","iconUri":"https://connectoricons-prod.azureedge.net/u/shgogna/globalperconnector-train1/1.0.1639.3312/sharepointonline/icon.png","dataSources":["Images","Artículos"],"dependencies":[],"dependents":["3bcad583-e902-445a-8270-e9464cdb9fcb"],"parameterHints":{},"parameterHintsV2":{},"isOnPremiseConnection":false,"bypassConsent":false,"dataSets":{"https://agcegd.sharepoint.com/sites/CursoSharePoint":{"dataSources":{"Images":{"tableName":"55bf0d55-f12f-4107-8bf6-c2257aaf2fc7"},"Artículos":{"tableName":"37d8d213-e650-45db-b644-85d9b8794532"}}}},"apiTier":"Standard","isCustomApiConnection":false,"actions":["providers/PowerPlatform.Governance/Operations/Read","providers/PowerPlatform.Governance/Operations/Write"]},"3bcad583-e902-445a-8270-e9464cdb9fcb":{"id":"579a6732-8d4a-49c1-bab8-4e77bce52bc5","displayName":"Flujos lógicos","iconUri":"https://connectoricons-prod.azureedge.net/releases/v1.0.1653/1.0.1653.3403/logicflows/icon.png","dataSources":["load_image"],"dependencies":["22bc4dbb-3c17-4bbf-9e8a-3975e3f5e4eb"],"dependents":[],"parameterHints":{"workflowName":{"value":"68b19cbb-ef86-4b7b-9118-6cea126103f2"},"workflowEntityId":{},"22bc4dbb-3c17-4bbf-9e8a-3975e3f5e4eb":{"value":"shared_sharepointonline"}},"parameterHintsV2":{"workflowName":{"value":"68b19cbb-ef86-4b7b-9118-6cea126103f2"},"workflowEntityId":{},"shared_sharepointonline":{"value":"22bc4dbb-3c17-4bbf-9e8a-3975e3f5e4eb"}},"isOnPremiseConnection":false,"bypassConsent":false,"dataSets":{},"apiTier":"Standard","isCustomApiConnection":false,"actions":["Run"],"nestedActions":[{"id":"/providers/Microsoft.PowerApps/apis/shared_sharepointonline/apiOperations/CreateFile","apiName":"SharePoint","actionName":"CreateFile","referencedResources":[{"key":"site","value":"https://agcegd.sharepoint.com/sites/CursoSharePoint"}]}]}},"databaseReferences":{},"almMode":"Environment","performanceOptimizationEnabled":true,"canConsumeAppPass":true,"enableModernRuntimeMode":false,"executionRestrictions":{"isTeamsOnly":false,"dataLossPreventionEvaluationResult":{"status":"Compliant","lastEvaluationDate":"2023-08-28T08:24:39.5324909Z","violations":[],"violationsByPolicy":[],"violationErrorMessage":"La aplicación usa los siguientes conectores: shared_sharepointonline, shared_logicflows."},"httpActionRestriction":{"appUsesSharepointHttpAction":false,"enforcementStrategy":"Legacy","evaluationTime":"2023-08-28T08:24:39.5324236Z"}}},"appType":"ClassicCanvasApp","appComponents":[]}}