{"schemaVersion":"1.0","appDefinitionTemplate":{"id":"/providers/Microsoft.PowerApps/apps/","type":"Microsoft.PowerApps/apps","tags":{"primaryDeviceWidth":"1366","primaryDeviceHeight":"768","sienaVersion":"20201128T182308Z-3.20112.43.0","deviceCapabilities":"","supportsPortrait":"false","supportsLandscape":"true","primaryFormFactor":"Tablet","publisherVersion":"3.20112.43","minimumRequiredApiVersion":"2.2.0","hasComponent":"false","hasUnlockedComponent":"false","isUnifiedRootApp":"false"},"properties":{"appVersion":"2020-11-28T18:23:08Z","lifeCycleId":"Published","createdByClientVersion":{"major":3,"minor":20112,"build":43,"revision":0,"majorRevision":0,"minorRevision":0},"minClientVersion":{"major":3,"minor":20112,"build":43,"revision":0,"majorRevision":0,"minorRevision":0},"backgroundColor":"rgba(0, 176, 240, 1)","backgroundImageUri":"/1985937008886548679/N45544e48-6538-4e49-a3fd-0ff00517179c-logoSmallFile","displayName":"excel_powerapps","description":"","commitMessage":"","appUris":{"documentUri":{"value":"/1985937008886548679/N88b6a225-9d4c-4357-a058-a478762b0106-document.msapp"},"imageUris":[],"additionalUris":[]},"createdTime":"0001-01-01T00:00:00Z","lastModifiedTime":"0001-01-01T00:00:00Z","sharedGroupsCount":0,"sharedUsersCount":0,"icons":{"smallIconUri":"/1985937008886548679/N3da72047-f2b5-445d-8726-4510c03893d4-small.png","mediumIconUri":"/1985937008886548679/Ne6cece95-d4c1-4d05-ae11-07b8d5fa51eb-medium.png","largeIconUri":"/1985937008886548679/Nb2482704-ef95-4acb-aca2-eb666caa6b05-large.png","wideIconUri":"/1985937008886548679/Ndd21a49f-5b00-4991-bb1d-c6bac32758f2-wide.png"},"connectionReferences":{"2484f21f-7a17-4c8b-b8df-a97c60a302c5":{"id":"9aa80cb5-3c1a-4a9d-a8ef-9cfaa37e449d","displayName":"Excel","iconUri":"https://connectoricons-prod.azureedge.net/releases/v1.0.1411/1.0.1411.2206/excel/icon.png","dataSources":["Inventario","Entradas","Salidas"],"dependencies":["166a40bb-ce9c-4c55-9c0a-a869a6677a55"],"dependents":[],"parameterHints":{"166a40bb-ce9c-4c55-9c0a-a869a6677a55":{"value":"fileSource"}},"isOnPremiseConnection":false,"bypassConsent":false,"dataSets":{"b!a_DmBadi40av1iCk3SNKQ5-hjTWW7_VFgWWg33_CYdxeGIvGlvRiQLbaXbwiW4rQ.01ZTVTQMLP24B6D5EJ3JHKPARNCGNZ5G3S":{"dataSources":{"Inventario":{"tableName":"Inventario"},"Entradas":{"tableName":"Entradas"},"Salidas":{"tableName":"Salidas"}}}},"apiTier":"Standard","isCustomApiConnection":false},"166a40bb-ce9c-4c55-9c0a-a869a6677a55":{"id":"284fe22b-ff01-456a-9c1c-654a8cf21a89","displayName":"OneDrive para la Empresa","iconUri":"https://connectoricons-prod.azureedge.net/releases/v1.0.1407/1.0.1407.2182/onedriveforbusiness/icon.png","dataSources":[],"dependencies":[],"dependents":["2484f21f-7a17-4c8b-b8df-a97c60a302c5"],"parameterHints":{},"isOnPremiseConnection":false,"bypassConsent":false,"dataSets":{},"apiTier":"Standard","isCustomApiConnection":false}},"databaseReferences":{},"almMode":"Environment","performanceOptimizationEnabled":true,"canConsumeAppPass":true,"executionRestrictions":{"isTeamsOnly":false,"dataLossPreventionEvaluationResult":{"status":"Compliant","lastEvaluationDate":"2020-11-27T19:10:34.2581476Z","violationDetails":[]}}},"isAppComponentLibrary":false,"appType":"ClassicCanvasApp","appComponents":[]}}