{"schemaVersion":"1.0","appDefinitionTemplate":{"id":"/providers/Microsoft.PowerApps/apps/","type":"Microsoft.PowerApps/apps","tags":{"primaryDeviceWidth":"1366","primaryDeviceHeight":"768","supportsPortrait":"true","supportsLandscape":"true","primaryFormFactor":"Tablet","publisherVersion":"3.22074.11","minimumRequiredApiVersion":"2.2.0","hasComponent":"true","hasUnlockedComponent":"false","isUnifiedRootApp":"false","sienaVersion":"20220809T094947Z-3.22074.11.0"},"properties":{"appVersion":"2022-08-09T09:49:47Z","lifeCycleId":"Published","createdByClientVersion":{"major":3,"minor":22074,"build":11,"revision":0,"majorRevision":0,"minorRevision":0},"minClientVersion":{"major":3,"minor":22074,"build":11,"revision":0,"majorRevision":0,"minorRevision":0},"backgroundColor":"RGBA(0,176,240,1)","backgroundImageUri":"/13533414045692091814/N2499ca44-f4a2-4112-b043-17eaffacb5fa-logoSmallFile","displayName":"LabVacation","description":"","commitMessage":"","appUris":{"documentUri":{"value":"/13533414045692091814/N63d5237d-bd75-43e6-aefb-742523ca285e-document.msapp"},"imageUris":[],"additionalUris":[]},"createdTime":"0001-01-01T00:00:00Z","lastModifiedTime":"0001-01-01T00:00:00Z","sharedGroupsCount":0,"sharedUsersCount":0,"icons":{"smallIconUri":"/13533414045692091814/N100e4388-19f2-4781-a3c0-f76030131c7f-small.png","mediumIconUri":"/13533414045692091814/N4891c23e-6ac9-480b-9dda-cc97a308cd32-medium.png","largeIconUri":"/13533414045692091814/N27d44eed-dc28-43f3-846a-f8e2d4c6ccda-large.png","wideIconUri":"/13533414045692091814/N6d7a9ded-372a-4a87-a0d2-47e1266acb8e-wide.png"},"connectionReferences":{"bc2ffba5-76c0-4673-9d5a-d48be2348e81":{"id":"ca4d2cc2-f517-44e1-8fc2-22eb3fa15e8a","displayName":"SharePoint","iconUri":"https://connectoricons-prod.azureedge.net/releases/v1.0.1591/1.0.1591.2961/sharepointonline/icon.png","dataSources":["Ticketing"],"dependencies":[],"dependents":[],"parameterHints":{},"parameterHintsV2":{},"isOnPremiseConnection":false,"bypassConsent":false,"dataSets":{"https://labbox.sharepoint.com/sites/LabboxGeneral":{"dataSources":{"Ticketing":{"tableName":"c9bfdcc9-82a5-407a-8eb8-d74db1dd6fca"}}}},"apiTier":"Standard","isCustomApiConnection":false,"actions":["providers/PowerPlatform.Governance/Operations/Read"]}},"databaseReferences":{},"almMode":"Environment","performanceOptimizationEnabled":true,"canConsumeAppPass":true,"executionRestrictions":{"isTeamsOnly":false,"dataLossPreventionEvaluationResult":{"status":"Compliant","lastEvaluationDate":"2022-06-01T14:48:16.6933967Z","violations":[],"violationsByPolicy":[],"violationErrorMessage":"La aplicación usa los siguientes conectores: shared_sharepointonline."}}},"appType":"ClassicCanvasApp","appComponents":[]}}