{"schemaVersion":"1.0","appDefinitionTemplate":{"id":"/providers/Microsoft.PowerApps/apps/","type":"Microsoft.PowerApps/apps","tags":{"primaryDeviceWidth":"1366","primaryDeviceHeight":"768","supportsPortrait":"true","supportsLandscape":"true","primaryFormFactor":"Tablet","publisherVersion":"3.22074.11","minimumRequiredApiVersion":"2.2.0","hasComponent":"true","hasUnlockedComponent":"false","isUnifiedRootApp":"false","sienaVersion":"20220809T100458Z-3.22074.11.0"},"properties":{"appVersion":"2022-08-09T10:04:58Z","lifeCycleId":"Published","createdByClientVersion":{"major":3,"minor":22074,"build":11,"revision":0,"majorRevision":0,"minorRevision":0},"minClientVersion":{"major":3,"minor":22074,"build":11,"revision":0,"majorRevision":0,"minorRevision":0},"backgroundColor":"RGBA(0,176,240,1)","backgroundImageUri":"/11495840374283478537/N8d49154b-70eb-4a75-8a4f-f33e441030a1-logoSmallFile","displayName":"Maquinas","description":"","commitMessage":"","appUris":{"documentUri":{"value":"/11495840374283478537/N87070cf3-3c26-4282-a9f1-8678825cf76b-document.msapp"},"imageUris":[],"additionalUris":[]},"createdTime":"0001-01-01T00:00:00Z","lastModifiedTime":"0001-01-01T00:00:00Z","sharedGroupsCount":0,"sharedUsersCount":0,"icons":{"smallIconUri":"/11495840374283478537/Nd1616986-5fbd-4127-8ada-5814f51f2dbc-small.png","mediumIconUri":"/11495840374283478537/N86bbbaaf-f16b-4d95-9da9-e683adc32e66-medium.png","largeIconUri":"/11495840374283478537/Nb6f0c9ca-a8be-43eb-9b89-0e79e16e9416-large.png","wideIconUri":"/11495840374283478537/N73c8e074-2e08-4884-b7da-625650724a62-wide.png"},"connectionReferences":{"b220ed24-334f-4d22-9ac9-a21f18b9c11c":{"id":"ca4d2cc2-f517-44e1-8fc2-22eb3fa15e8a","displayName":"SharePoint","iconUri":"https://connectoricons-prod.azureedge.net/releases/v1.0.1591/1.0.1591.2961/sharepointonline/icon.png","dataSources":["Máquinas","Incidencias Máquinas","Problemas máquina","Secuencia_incidencias","Secuencias resolución"],"dependencies":[],"dependents":[],"parameterHints":{},"parameterHintsV2":{},"isOnPremiseConnection":false,"bypassConsent":false,"dataSets":{"https://agcegd.sharepoint.com/sites/CursoSharePoint":{"dataSources":{"Máquinas":{"tableName":"a3546c1a-5f38-4b30-8a68-2a9950dc8662"},"Incidencias Máquinas":{"tableName":"a48b0c4e-9f37-47dc-ba9a-9cd52aca99ab"},"Problemas máquina":{"tableName":"d3854c24-1dbf-4ef2-89ae-cf9988ce982d"},"Secuencia_incidencias":{"tableName":"e42f1e03-ef00-4c44-a1dd-fe2aa27bbb26"},"Secuencias resolución":{"tableName":"49386928-d77b-45a0-8192-68aa25685dda"}}}},"apiTier":"Standard","isCustomApiConnection":false,"actions":["providers/PowerPlatform.Governance/Operations/Read"]}},"databaseReferences":{},"almMode":"Environment","performanceOptimizationEnabled":true,"canConsumeAppPass":true,"executionRestrictions":{"isTeamsOnly":false,"dataLossPreventionEvaluationResult":{"status":"Compliant","lastEvaluationDate":"2022-05-03T15:49:18.1556377Z","violations":[],"violationsByPolicy":[],"violationErrorMessage":"La aplicación usa los siguientes conectores: shared_sharepointonline."}}},"appType":"ClassicCanvasApp","appComponents":[]}}