{"name":"b400f534-abb6-43a6-9ca6-4ac644ca8131","id":"/providers/Microsoft.Flow/flows/b400f534-abb6-43a6-9ca6-4ac644ca8131","type":"Microsoft.Flow/flows","properties":{"apiId":"/providers/Microsoft.PowerApps/apis/shared_logicflows","displayName":"load_image","definition":{"metadata":{"workflowEntityId":null,"processAdvisorMetadata":null,"flowclientsuspensionreason":"None","flowclientsuspensiontime":null,"creator":{"id":"80142874-4232-4794-8107-5a24b34c913b","type":"User","tenantId":"4ca89170-80b2-4874-b49d-eb27c74817eb"},"provisioningMethod":"FromDefinition","failureAlertSubscription":true,"clientLastModifiedTime":"2021-11-14T18:28:35.7919236Z","flowclientsuspensionreasondetails":null},"$schema":"https://schema.management.azure.com/providers/Microsoft.Logic/schemas/2016-06-01/workflowdefinition.json#","contentVersion":"1.0.0.0","parameters":{"$connections":{"defaultValue":{},"type":"Object"},"$authentication":{"defaultValue":{},"type":"SecureObject"}},"triggers":{"manual":{"metadata":{"operationMetadataId":"8e48ab97-a0b4-4813-a9b4-40388b4a8e8b"},"type":"Request","kind":"PowerAppV2","inputs":{"schema":{"type":"object","properties":{"text":{"title":"filename","type":"string","x-ms-dynamically-added":true,"description":"Please enter your input","x-ms-content-hint":"TEXT"},"text_1":{"title":"filecontent","type":"string","x-ms-dynamically-added":true,"description":"Please enter your input","x-ms-content-hint":"TEXT"}},"required":["text","text_1"]}}}},"actions":{"Create_file":{"runAfter":{},"metadata":{"operationMetadataId":"37e78a56-7416-4dd8-ae48-d750e8c03e54"},"type":"OpenApiConnection","inputs":{"host":{"apiId":"/providers/Microsoft.PowerApps/apis/shared_sharepointonline","connectionName":"shared_sharepointonline","operationId":"CreateFile"},"parameters":{"dataset":"https://agcegd.sharepoint.com/sites/CursoSharePoint","folderPath":"/Images1","name":"@triggerBody()['text']","body":"@base64ToBinary(triggerBody()['text_1'])"},"authentication":{"value":"@json(decodeBase64(triggerOutputs().headers['X-MS-APIM-Tokens']))['$ConnectionKey']","type":"Raw"}},"runtimeConfiguration":{"contentTransfer":{"transferMode":"Chunked"}}},"Respond_to_a_PowerApp_or_flow":{"runAfter":{"Create_file":["Succeeded"]},"metadata":{"operationMetadataId":"932dc475-95cb-4a52-8ae5-6eb33ad18d8e"},"type":"Response","kind":"PowerApp","inputs":{"statusCode":200,"body":{"sharepointlink":"https://agcegd.sharepoint.com/sites/CursoSharePoint@{outputs('Create_file')?['body/Path']}"},"schema":{"type":"object","properties":{"sharepointlink":{"title":"SharePointLink","x-ms-dynamically-added":true,"type":"string"}}}}}}},"connectionReferences":{"shared_sharepointonline":{"connectionName":"ff40cfa54ef04333bca0e971d9dadfa3","source":"Invoker","id":"/providers/Microsoft.PowerApps/apis/shared_sharepointonline","tier":"NotSpecified"}},"flowFailureAlertSubscribed":false,"isManaged":false}}