{"name":"a116e934-8bd6-47f9-b82c-ec9ea72f5dd0","id":"/providers/Microsoft.Flow/flows/a116e934-8bd6-47f9-b82c-ec9ea72f5dd0","type":"Microsoft.Flow/flows","properties":{"apiId":"/providers/Microsoft.PowerApps/apis/shared_logicflows","displayName":"BULK_IMPORT2","definition":{"metadata":{"workflowEntityId":null,"processAdvisorMetadata":null,"flowChargedByPaygo":null,"flowclientsuspensionreason":"None","flowclientsuspensiontime":null,"flowclientsuspensionreasondetails":null,"creator":{"id":"80142874-4232-4794-8107-5a24b34c913b","type":"User","tenantId":"4ca89170-80b2-4874-b49d-eb27c74817eb"},"provisioningMethod":"FromDefinition","failureAlertSubscription":true,"clientLastModifiedTime":"2023-08-29T11:59:36.4264203Z"},"$schema":"https://schema.management.azure.com/providers/Microsoft.Logic/schemas/2016-06-01/workflowdefinition.json#","contentVersion":"1.0.0.0","parameters":{"$connections":{"defaultValue":{},"type":"Object"},"$authentication":{"defaultValue":{},"type":"SecureObject"}},"triggers":{"manual":{"metadata":{"operationMetadataId":"aff7a28f-5bf3-4d91-a6b8-e607f9a08340"},"type":"Request","kind":"Button","inputs":{"schema":{"type":"object","properties":{},"required":[]}}}},"actions":{"List_rows_present_in_a_table":{"runAfter":{"Initialize_variable":["Succeeded"]},"metadata":{"01J6LSE6ZWFNNCFS5KZ5HJW4JPKAXBNBE3":"/Test/BULK_IMPORT.xlsx","operationMetadataId":"269e52ce-f6b2-4c4c-9367-96196c80a688","tableId":"{CC6D49A2-1B44-4572-85D3-D2ACF7502463}","01J6LSE6YTL32QMHB3YVEJU2VESNBXGYKU":"/Test/BULK_IMPORT2.xlsx","01RF5QHPRMRHQHGBXK3RFJ6CRLZOA76FU4":"/test/BULK_IMPORT.xlsx"},"type":"OpenApiConnection","inputs":{"host":{"apiId":"/providers/Microsoft.PowerApps/apis/shared_excelonlinebusiness","connectionName":"shared_excelonlinebusiness_1","operationId":"GetItems"},"parameters":{"source":"groups/d6c545fb-355d-4015-b732-289a9066d7f4","drive":"b!N3md__Rs1kGZSHLgLXRRHsmkcMA3QotBt93arPZZtu-Ib869Eff4TJ_Wwpw5OsOY","file":"01RF5QHPRMRHQHGBXK3RFJ6CRLZOA76FU4","table":"{CC6D49A2-1B44-4572-85D3-D2ACF7502463}"},"authentication":{"value":"@json(decodeBase64(triggerOutputs().headers['X-MS-APIM-Tokens']))['$ConnectionKey']","type":"Raw"}},"runtimeConfiguration":{"paginationPolicy":{"minimumItemCount":5000}}},"Insert_data_in_batches_of_1000":{"actions":{"settings":{"runAfter":{},"metadata":{"operationMetadataId":"da41e27a-d2ab-4455-aed9-5c5c756bf790"},"type":"Compose","inputs":{"SiteAddress":"https://agcegd.sharepoint.com/sites/CursoSharePoint/","listName":"BULKIMPORT","batchSize":1000}},"GenerateSPData":{"runAfter":{"settings":["Succeeded"]},"metadata":{"operationMetadataId":"e31314ed-7e15-421f-a503-a1448f224219"},"type":"Select","inputs":{"from":"@outputs('List_rows_present_in_a_table')?['body/value']","select":{"__metadata":"@json(concat('{\"type\":\"SP.Data.', replace(outputs('settings')['listName'], ' ', '_x0020_'), 'ListItem\"}'))","Title":"@item()?['Title']"}}},"batchTemplate":{"runAfter":{"GenerateSPData":["Succeeded"]},"metadata":{"operationMetadataId":"7f6ed8a3-5066-4f8e-8ced-e9a84caa037b"},"type":"Compose","inputs":"--changeset_@{variables('changeset_id')}\nContent-Type: application/http\nContent-Transfer-Encoding: binary\n\nPOST @{outputs('settings')['siteAddress']}_api/web/lists/getByTitle('@{outputs('settings')['listName']}')/items HTTP/1.1\nContent-Type: application/json;odata=verbose\n\n| RowData|\n"},"Do_until":{"actions":{"Select":{"runAfter":{},"metadata":{"operationMetadataId":"ac6c172b-4c75-4ac8-9ecf-1d53c82f2621"},"type":"Select","inputs":{"from":"@take(skip(body('GenerateSPData'), mul(outputs('settings')['batchSize'], iterationIndexes('Do_until'))), outputs('settings')['batchSize'])","select":"@replace(outputs('batchTemplate'), '| RowData|', string(item()))"}},"Set_variable":{"runAfter":{"Select":["Succeeded"]},"metadata":{"operationMetadataId":"4913b618-8e96-467c-8f27-a09587908ded"},"type":"SetVariable","inputs":{"name":"LoopControl","value":"@length(body('Select'))"}},"batchData":{"runAfter":{"Set_variable":["Succeeded"]},"metadata":{"operationMetadataId":"9c1ad51a-2d39-454f-a084-2369e034ebb1"},"type":"Compose","inputs":"@join(body('Select'), decodeUriComponent('%0A'))"},"SendBatch":{"runAfter":{"batchData":["Succeeded"]},"metadata":{"operationMetadataId":"0f31f150-d981-454e-94fa-7ba440962971"},"type":"OpenApiConnection","inputs":{"host":{"apiId":"/providers/Microsoft.PowerApps/apis/shared_sharepointonline","connectionName":"shared_sharepointonline_1","operationId":"HttpRequest"},"parameters":{"dataset":"https://agcegd.sharepoint.com/sites/CursoSharePoint","parameters/method":"POST","parameters/uri":"_api/$batch","parameters/headers":{"X-RequestDigest":"digest","Content-Type":"multipart/mixed;boundary=batch_@{variables('batch_id')}"},"parameters/body":"--batch_@{variables('batch_id')}\nContent-Type: multipart/mixed; boundary=\"changeset_@{variables('changeset_id')}\"\nContent-Length: \nContent-Transfer-Encoding: binary\n\n@{outputs('batchData')}\n--changeset_@{variables('changeset_id')}--\n\n--batch_@{variables('batch_id')}--\n"},"authentication":{"value":"@json(decodeBase64(triggerOutputs().headers['X-MS-APIM-Tokens']))['$ConnectionKey']","type":"Raw"}}},"Results":{"runAfter":{"SendBatch":["Succeeded"]},"metadata":{"operationMetadataId":"c0cd6444-bc09-441d-855f-e887eaeebef8"},"type":"Compose","inputs":"@base64ToString(body('sendBatch')['$content'])"}},"runAfter":{"batchTemplate":["Succeeded"]},"expression":"@equals(variables('LoopControl'), 0)","limit":{"count":60,"timeout":"PT1H"},"metadata":{"operationMetadataId":"7cd82396-cf13-453d-b85c-7c290e21363f"},"type":"Until"}},"runAfter":{"Initialize_changeset_id":["Succeeded"]},"metadata":{"operationMetadataId":"5c97098d-d2ec-4630-ac0b-3c64aa7717bd"},"type":"Scope"},"Initialize_variable":{"runAfter":{},"metadata":{"operationMetadataId":"318fabf1-1124-4337-b818-f5220dea8af8"},"type":"InitializeVariable","inputs":{"variables":[{"name":"LoopControl","type":"integer","value":-1}]}},"Initialize_variable_batch_id":{"runAfter":{"List_rows_present_in_a_table":["Succeeded"]},"metadata":{"operationMetadataId":"edcb1a82-e253-48b6-98a1-d3707a3361ba"},"type":"InitializeVariable","inputs":{"variables":[{"name":"batch_id","type":"string","value":"@{guid()}"}]}},"Initialize_changeset_id":{"runAfter":{"Initialize_variable_batch_id":["Succeeded"]},"metadata":{"operationMetadataId":"97e81383-2ae4-4e95-9d99-59d3b570fd87"},"type":"InitializeVariable","inputs":{"variables":[{"name":"changeset_id","type":"string","value":"@{guid()}"}]}}}},"connectionReferences":{"shared_excelonlinebusiness_1":{"connectionName":"shared-excelonlinebu-17eaa70f-f5dc-49ae-979d-7ebfddc665f8","source":"Invoker","id":"/providers/Microsoft.PowerApps/apis/shared_excelonlinebusiness","tier":"NotSpecified"},"shared_sharepointonline_1":{"connectionName":"ff40cfa54ef04333bca0e971d9dadfa3","source":"Invoker","id":"/providers/Microsoft.PowerApps/apis/shared_sharepointonline","tier":"NotSpecified"}},"flowFailureAlertSubscribed":false,"isManaged":false}}