{"schemaVersion":"1.0","appDefinitionTemplate":{"id":"/providers/Microsoft.PowerApps/apps/","type":"Microsoft.PowerApps/apps","tags":{"primaryDeviceWidth":"1366","primaryDeviceHeight":"768","supportsPortrait":"true","supportsLandscape":"true","primaryFormFactor":"Tablet","publisherVersion":"3.22074.11","minimumRequiredApiVersion":"2.2.0","hasComponent":"true","hasUnlockedComponent":"false","isUnifiedRootApp":"false","sienaVersion":"20220809T095207Z-3.22074.11.0"},"properties":{"appVersion":"2022-08-09T09:52:07Z","lifeCycleId":"Published","createdByClientVersion":{"major":3,"minor":22074,"build":11,"revision":0,"majorRevision":0,"minorRevision":0},"minClientVersion":{"major":3,"minor":22074,"build":11,"revision":0,"majorRevision":0,"minorRevision":0},"backgroundColor":"RGBA(0,176,240,1)","backgroundImageUri":"/1341613067109816239/N25939b09-20d9-4ca2-9105-e99083b0f16e-logoSmallFile","displayName":"Festivos","description":"","commitMessage":"","appUris":{"documentUri":{"value":"/1341613067109816239/Neaeea03e-e34c-47d5-a905-b02d436c9664-document.msapp"},"imageUris":[],"additionalUris":[]},"createdTime":"0001-01-01T00:00:00Z","lastModifiedTime":"0001-01-01T00:00:00Z","sharedGroupsCount":0,"sharedUsersCount":0,"icons":{"smallIconUri":"/1341613067109816239/N9c70a1be-d2a0-4ab9-bb62-a2fb26c4290d-small.png","mediumIconUri":"/1341613067109816239/N1e548876-cc70-4229-9fdb-4f853c861577-medium.png","largeIconUri":"/1341613067109816239/Nd6bc114e-3861-4925-9af4-37676d64d797-large.png","wideIconUri":"/1341613067109816239/N89f2e807-9f6c-4f38-82d0-47258188f19e-wide.png"},"connectionReferences":{},"databaseReferences":{},"almMode":"Environment","performanceOptimizationEnabled":true,"canConsumeAppPass":true,"executionRestrictions":{"isTeamsOnly":false,"dataLossPreventionEvaluationResult":{"status":"Compliant","lastEvaluationDate":"2022-05-29T11:13:08.5430471Z","violations":[],"violationsByPolicy":[],"violationErrorMessage":"La aplicación usa los siguientes conectores: ."}}},"appType":"ClassicCanvasApp","appComponents":[]}}