{"schemaVersion":"1.0","appDefinitionTemplate":{"id":"/providers/Microsoft.PowerApps/apps/","type":"Microsoft.PowerApps/apps","tags":{"primaryDeviceWidth":"1366","primaryDeviceHeight":"768","supportsPortrait":"true","supportsLandscape":"true","primaryFormFactor":"Tablet","publisherVersion":"3.22081.14","minimumRequiredApiVersion":"2.2.0","hasComponent":"true","hasUnlockedComponent":"false","isUnifiedRootApp":"false","sienaVersion":"20220815T162809Z-3.22081.14.0"},"properties":{"appVersion":"2022-08-15T16:28:09Z","lifeCycleId":"Published","createdByClientVersion":{"major":3,"minor":22081,"build":14,"revision":0,"majorRevision":0,"minorRevision":0},"minClientVersion":{"major":3,"minor":22081,"build":14,"revision":0,"majorRevision":0,"minorRevision":0},"backgroundColor":"RGBA(0,176,240,1)","backgroundImageUri":"/11646467870660768883/Nd44a06d4-af33-4759-8ddf-042da369c609-logoSmallFile","displayName":"Arrays","description":"","commitMessage":"","appUris":{"documentUri":{"value":"/11646467870660768883/Ne7d625c4-81a8-4dd4-877a-41f510489099-document.msapp"},"imageUris":[],"additionalUris":[]},"createdTime":"0001-01-01T00:00:00Z","lastModifiedTime":"0001-01-01T00:00:00Z","sharedGroupsCount":0,"sharedUsersCount":0,"icons":{"smallIconUri":"/11646467870660768883/Ne1117efd-5de0-4731-a753-9d61ca2536f9-small.png","mediumIconUri":"/11646467870660768883/Nb36debf3-d1e1-4e70-8dc5-6361ac54c2d3-medium.png","largeIconUri":"/11646467870660768883/Ne0307871-73cc-4e0b-add5-dcc79b828bae-large.png","wideIconUri":"/11646467870660768883/Nce8a2334-6562-45ee-982a-ffdb5562bbe1-wide.png"},"connectionReferences":{"cb48e4c2-e7a9-42f7-8d11-cef4ea00d62e":{"id":"ca4d2cc2-f517-44e1-8fc2-22eb3fa15e8a","displayName":"SharePoint","iconUri":"https://connectoricons-prod.azureedge.net/releases/v1.0.1591/1.0.1591.2961/sharepointonline/icon.png","dataSources":["Empleados","Sp_Array"],"dependencies":[],"dependents":[],"parameterHints":{},"parameterHintsV2":{},"isOnPremiseConnection":false,"bypassConsent":false,"dataSets":{"https://agcegd.sharepoint.com/sites/CursoSharePoint":{"dataSources":{"Empleados":{"tableName":"ca874cc7-c589-413c-8a98-31885e9411a9"},"Sp_Array":{"tableName":"00c79ec6-78f8-401b-ba57-671c8fb08301"}}}},"apiTier":"Standard","isCustomApiConnection":false,"actions":["providers/PowerPlatform.Governance/Operations/Read","providers/PowerPlatform.Governance/Operations/Write"]}},"databaseReferences":{},"almMode":"Environment","performanceOptimizationEnabled":true,"canConsumeAppPass":true,"executionRestrictions":{"isTeamsOnly":false,"dataLossPreventionEvaluationResult":{"status":"Compliant","lastEvaluationDate":"2022-08-07T15:23:07.2659878Z","violations":[],"violationsByPolicy":[],"violationErrorMessage":"La aplicación usa los siguientes conectores: ."}}},"appType":"ClassicCanvasApp","appComponents":[]}}