{"name":"a967bb71-f1be-44d0-b9fb-34dedeeeadbf","id":"/providers/Microsoft.Flow/flows/a967bb71-f1be-44d0-b9fb-34dedeeeadbf","type":"Microsoft.Flow/flows","properties":{"apiId":"/providers/Microsoft.PowerApps/apis/shared_logicflows","displayName":"Subir_imagenes_sharepoint","definition":{"metadata":{"workflowEntityId":null,"processAdvisorMetadata":null,"flowclientsuspensionreason":"None","flowclientsuspensiontime":null,"creator":{"id":"80142874-4232-4794-8107-5a24b34c913b","type":"User","tenantId":"4ca89170-80b2-4874-b49d-eb27c74817eb"},"provisioningMethod":"FromDefinition","failureAlertSubscription":true,"clientLastModifiedTime":"2021-11-13T18:32:06.1183659Z","flowclientsuspensionreasondetails":null},"$schema":"https://schema.management.azure.com/providers/Microsoft.Logic/schemas/2016-06-01/workflowdefinition.json#","contentVersion":"1.0.0.0","parameters":{"$connections":{"defaultValue":{},"type":"Object"},"$authentication":{"defaultValue":{},"type":"SecureObject"}},"triggers":{"manual":{"metadata":{"operationMetadataId":"7658e841-5c72-44a4-ac02-815580745a2d"},"type":"Request","kind":"PowerApp","inputs":{"schema":{"type":"object","properties":{"AnálisisdelarchivoJSON_Contenido":{"type":"any","x-ms-powerflows-param-ispartial":false}},"required":["AnálisisdelarchivoJSON_Contenido"]}}}},"actions":{"Análisis_del_archivo_JSON":{"runAfter":{},"metadata":{"operationMetadataId":"c23b35fe-077e-47ed-9627-f186bd2aba72"},"type":"ParseJson","inputs":{"content":"@triggerBody()['AnálisisdelarchivoJSON_Contenido']","schema":{"type":"array","items":{"type":"object","properties":{"col_filename":{"type":"string"},"col_image":{"type":"string"}},"required":["col_filename","col_image"]}}}},"Aplicar_a_cada_uno":{"foreach":"@body('Análisis_del_archivo_JSON')","actions":{"Crear_archivo":{"runAfter":{},"metadata":{"operationMetadataId":"1d6197ba-7b68-4086-a51b-d3e6d6342b53"},"type":"OpenApiConnection","inputs":{"host":{"apiId":"/providers/Microsoft.PowerApps/apis/shared_sharepointonline","connectionName":"shared_sharepointonline","operationId":"CreateFile"},"parameters":{"dataset":"https://agcegd.sharepoint.com/sites/CursoSharePoint","folderPath":"/Documentos compartidos/imagenes","name":"@items('Aplicar_a_cada_uno')['col_filename']","body":"@dataUriToBinary(items('Aplicar_a_cada_uno')['col_image'])"},"authentication":{"value":"@json(decodeBase64(triggerOutputs().headers['X-MS-APIM-Tokens']))['$ConnectionKey']","type":"Raw"}},"runtimeConfiguration":{"contentTransfer":{"transferMode":"Chunked"}}}},"runAfter":{"Análisis_del_archivo_JSON":["Succeeded"]},"metadata":{"operationMetadataId":"6b25dd71-f63a-464d-b431-caccac25b3a8"},"type":"Foreach"}}},"connectionReferences":{"shared_sharepointonline":{"connectionName":"ff40cfa54ef04333bca0e971d9dadfa3","source":"Invoker","id":"/providers/Microsoft.PowerApps/apis/shared_sharepointonline","tier":"NotSpecified"}},"flowFailureAlertSubscribed":false,"isManaged":false}}