{"schemaVersion":"1.0","appDefinitionTemplate":{"id":"/providers/Microsoft.PowerApps/apps/","type":"Microsoft.PowerApps/apps","tags":{"primaryDeviceWidth":"1366","primaryDeviceHeight":"768","sienaVersion":"20230828T083716Z-3.23082.20.0","deviceCapabilities":"webcam","supportsPortrait":"false","supportsLandscape":"true","primaryFormFactor":"Tablet","publisherVersion":"3.23082.20","minimumRequiredApiVersion":"2.2.0","hasComponent":"false","hasUnlockedComponent":"false","isUnifiedRootApp":"false","showStatusBar":"false"},"properties":{"appVersion":"2023-08-28T08:37:16Z","lifeCycleId":"Published","createdByClientVersion":{"major":3,"minor":23082,"build":20,"revision":0,"majorRevision":0,"minorRevision":0},"minClientVersion":{"major":3,"minor":23082,"build":20,"revision":0,"majorRevision":0,"minorRevision":0},"backgroundColor":"rgba(0, 176, 240, 1)","backgroundImageUri":"/4260018098877487805/N12db1200-6c38-412c-a2e4-6d359d6b9bf0-logoSmallFile","displayName":"imagenes_a_sharepoint","description":"","commitMessage":"","appUris":{"documentUri":{"value":"/4260018098877487805/N3e07d94e-9e88-4242-b87e-f9ab20bb2559-document.msapp"},"imageUris":[],"additionalUris":[]},"createdTime":"0001-01-01T00:00:00Z","lastModifiedTime":"0001-01-01T00:00:00Z","sharedGroupsCount":0,"sharedUsersCount":0,"connectionReferences":{"df04320a-8ff6-40d9-8d71-8718e4b4a664":{"id":"579a6732-8d4a-49c1-bab8-4e77bce52bc5","displayName":"Flujos lógicos","iconUri":"https://connectoricons-prod.azureedge.net/releases/v1.0.1653/1.0.1653.3403/logicflows/icon.png","dataSources":["Subir_imagenes_sharepoint"],"dependencies":["f2661611-9f07-4718-affa-e49da8960c4d"],"dependents":[],"parameterHints":{"workflowName":{"value":"a1573ae9-b3b4-499e-b96d-3bc775265d72"},"f2661611-9f07-4718-affa-e49da8960c4d":{"value":"shared_sharepointonline"}},"parameterHintsV2":{"shared_sharepointonline":{"value":"f2661611-9f07-4718-affa-e49da8960c4d"}},"isOnPremiseConnection":false,"bypassConsent":false,"dataSets":{},"apiTier":"Standard","isCustomApiConnection":false,"actions":["Run"],"nestedActions":[{"id":"/providers/Microsoft.PowerApps/apis/shared_sharepointonline/apiOperations/CreateFile","apiName":"SharePoint","actionName":"CreateFile","referencedResources":[{"key":"site","value":"https://agcegd.sharepoint.com/sites/CursoSharePoint"}]}]},"f2661611-9f07-4718-affa-e49da8960c4d":{"id":"ca4d2cc2-f517-44e1-8fc2-22eb3fa15e8a","displayName":"SharePoint","iconUri":"https://connectoricons-prod.azureedge.net/u/shgogna/globalperconnector-train1/1.0.1639.3312/sharepointonline/icon.png","dataSources":[],"dependencies":[],"dependents":["df04320a-8ff6-40d9-8d71-8718e4b4a664"],"parameterHints":{},"parameterHintsV2":{},"isOnPremiseConnection":false,"bypassConsent":false,"dataSets":{},"apiTier":"Standard","isCustomApiConnection":false}},"databaseReferences":{},"almMode":"Environment","performanceOptimizationEnabled":true,"canConsumeAppPass":true,"enableModernRuntimeMode":false,"executionRestrictions":{"isTeamsOnly":false,"dataLossPreventionEvaluationResult":{"status":"Compliant","lastEvaluationDate":"2023-08-28T08:37:38.2221712Z","violations":[],"violationsByPolicy":[],"violationErrorMessage":"La aplicación usa los siguientes conectores: shared_logicflows, shared_sharepointonline."},"httpActionRestriction":{"appUsesSharepointHttpAction":false,"enforcementStrategy":"Legacy","evaluationTime":"2023-08-28T08:37:38.2221122Z"}}},"appType":"ClassicCanvasApp","appComponents":[]}}